USE RESTURANTS;

--resturant

INSERT INTO Resturant VALUES (00000000, 'The Bradbury', 39231493914, 3.3);
INSERT INTO Resturant VALUES (00000001, 'Galinha Burger', 45233915071, 3.9);
INSERT INTO Resturant VALUES (00000002, 'Rashays', 43842541959, 4.4);
INSERT INTO Resturant VALUES (00000003, 'Enzos Cucina', 19191286546, 2.2);
INSERT INTO Resturant VALUES (00000004, 'The Tavern', 75329147047, 1.2);
INSERT INTO Resturant VALUES (00000005, 'The Spice of Life', 87868765355, 3.9);
INSERT INTO Resturant VALUES (00000006, 'The Taste of Italian Grill', 97245112424, 1.9);
INSERT INTO Resturant VALUES (00000007, 'Hungry jacks', 85733374732, 4.0);
INSERT INTO Resturant VALUES (00000008, 'Red Rooster', 79100254155, 3.7);
INSERT INTO Resturant VALUES (00000009, 'McDonals', 52999725352, 1.5);
INSERT INTO Resturant VALUES (00000010, 'KFC', 29133821072, 0.5);
INSERT INTO Resturant VALUES (00000011, 'Saam thai Resturant', 40282018767, 4.2);
INSERT INTO Resturant VALUES (00000012, 'Fat Burger & Grill', 26726377753, 1.3);
INSERT INTO Resturant VALUES (00000013, 'King Kebab', 47698809861, 2.9);
INSERT INTO Resturant VALUES (00000014, 'Pizza Hut', 82521186439, 4.0);
INSERT INTO Resturant VALUES (00000015, 'Flowerdrum palace', 15954091919, 4.4);
INSERT INTO Resturant VALUES (00000016, 'Mezban resturant - Bangladeshi Cuisine', 96042615786, 3.4);
INSERT INTO Resturant VALUES (00000017, 'Kalapani Nepalese Resturant', 94392474910, 3.5);
INSERT INTO Resturant VALUES (00000018, 'Koshigaya Kitchen', 24030455282, 3.7);
INSERT INTO Resturant VALUES (00000019, 'Kebabs & Pizza on Queen', 79013526783, 3.2);

INSERT INTO ResturantAccountDetails VALUES(00000000, 'cb45646349d3e2638a5436900f4fba23dc282276ebcfc2e16b5c7579385530f3', '3557110889274958', '186cefd367594e9a'); -- abc123
INSERT INTO ResturantAccountDetails VALUES(00000001, '4f89f77ee52f8378e8be91cecce6b7674ba8c60c9f8cb014c9380c59f39a30ab', '3223914172173727', 'b4c6dfaaf32b9b82'); -- password
INSERT INTO ResturantAccountDetails VALUES(00000002, '674094f11082e017900a129cea4271f78b2858d41bd8c15212b251be9da450eb', '9032385534132679', '771114fa5e7616f9'); -- pass321
INSERT INTO ResturantAccountDetails VALUES(00000003, '43780b45a12c891db5b71217c39b82d215211b018bbd73adcdb98c730dc94cdb', '3689018155333067', '74446229ef88f884'); -- 1234567890
INSERT INTO ResturantAccountDetails VALUES(00000004, 'bc85abd91d08897e07c56555cabf3db92f47630a691eaba12b06182e013a0f28', '0856933614185932', '7f512718bae91883'); -- toyees
INSERT INTO ResturantAccountDetails VALUES(00000005, 'f4119c43e1e2f76f2f4a4df3181c0d49729b03fe3e8e6ec8feb6cc5f8c1b5494', '6240024274063948', '42d6bd0dd9f13241'); -- admin
INSERT INTO ResturantAccountDetails VALUES(00000006, 'dcc055e2167107d3c28cde4c8e3a5ba699b2f8baf69a3aeea22df18c6adf8b19', '6515381669066335', '95cc65b9f1ae3b2a'); -- 111111
INSERT INTO ResturantAccountDetails VALUES(00000007, '61bfb6fc59d190b7f342faf112ae88df9bbc2b21044b0df5775aa2c2322a1d67', '9668347239024116', '0b9c8baf0209c17f'); -- bestburgers
INSERT INTO ResturantAccountDetails VALUES(00000008, '6663b7f2da6fd56d835e3675e0f1a235d213ba027ef8ba3a9cc22ea505a20044', '9951759180559248', '65dd00b4e62dc645'); -- ASDFGHJKL;'
INSERT INTO ResturantAccountDetails VALUES(00000009, '78699c3a73ae2f879574bb4fc195d6b05e282079028dc76c28ec485ce33322d8', '9500269018341343', '8744bb607903635d'); -- ilikecows
INSERT INTO ResturantAccountDetails VALUES(00000010, 'c81f575d3ca88f1746352241bb4aebc3a34f0d37bec5fcf6073a8bae7a459366', '6145435916418246', '28c47b069376bfc1'); -- chicken
INSERT INTO ResturantAccountDetails VALUES(00000011, '46e60594a9bf9f76e85874845c7a28bca0f1fcdb2c06b34987c0586f37ab444c', '8823945755823500', '4a57be80efaf77fe'); --spicy
INSERT INTO ResturantAccountDetails VALUES(00000012, '8b7693ad3fa449433a66f69c4ec3be8c3d719792d5e3d22a65592b9270bbb5b0', '4191511813195675', '0a075bab878f15c9'); --taylorswift
INSERT INTO ResturantAccountDetails VALUES(00000013, '4e74c3b47105c92644b45ea394e17c2eecd51a4124187b93b001f2789fff2f37', '4064722226233314', 'ff25171a789cddd2'); --snackpack#1
INSERT INTO ResturantAccountDetails VALUES(00000014, '5f084aa985e5ecb945635b0a8ca326d4112900df76c1281c4a8118bc46aa65d1', '5808087534992062', '1d1218f883039b95'); --pizza
INSERT INTO ResturantAccountDetails VALUES(00000015, '74682f3d346c6b1231949f4a37055e0d81a6596a8922a7785db16efa2db4a9fe', '0803300255172135', 'f91b05cd076ac42e'); --1qaz
INSERT INTO ResturantAccountDetails VALUES(00000016, '32afdf3be14b4c91167d3a788792c0b4537aad78e78bd513c520b115aea44c8d', '3747556419592876', '35ccfeb94d1e106f'); --1971
INSERT INTO ResturantAccountDetails VALUES(00000017, 'b25690126f03e19cc82fb8ca224fe7cddd61745f7cd024fe90f077eb4288b6e1', '1901477439984866', '309fbbf768d2a48c'); --nepal
INSERT INTO ResturantAccountDetails VALUES(00000018, '41de0a212545779118ea8da01c44d600c1d4c9e147d438b1d2ed8d52690433de', '0482428848636110', '85c726d04ce23416'); --kyoto
INSERT INTO ResturantAccountDetails VALUES(00000019, '1961ca178dbb5f6cbdc028f407023b3495715e456e5142591ecdc3e18b422087', '5961461486488893', 'fc6da6aa6ec03c16'); --shawarma

INSERT INTO RAddress VALUES (00000000, 'Australia', 'Bartertown', 'Richmond Road', 65, '4', 6575);
INSERT INTO RAddress VALUES (00000001, 'Australia', 'Mount Thomas', 'William Street', 2, null, 6574);
INSERT INTO RAddress VALUES (00000002, 'Australia', 'Little Winton', 'Norfolk Street', 41, null, 6576);
INSERT INTO RAddress VALUES (00000003, 'Australia', 'Mount Thomas', 'Kent Street', 33, null, 6574);
INSERT INTO RAddress VALUES (00000004, 'Australia', 'Bartertown', 'Kildare Road', 54, null, 6575);
INSERT INTO RAddress VALUES (00000005, 'Australia', 'Mount Thomas', 'Allawah Street', 3, null, 6574);
INSERT INTO RAddress VALUES (00000006, 'Australia', 'Bartertown', 'Newton Road', 31, null, 6575);
INSERT INTO RAddress VALUES (00000007, 'Australia', 'Bartertown', 'Richmond Road', 16, '9', 6575);
INSERT INTO RAddress VALUES (00000008, 'Australia', 'Little Winton', 'Kirkman Road', 40, null, 6576);
INSERT INTO RAddress VALUES (00000009, 'Australia', 'Mount Thomas', 'Balmoral Street', 20, 'C', 6574);
INSERT INTO RAddress VALUES (00000010, 'Australia', 'Mount Thomas', 'William Street', 18, null, 6574);
INSERT INTO RAddress VALUES (00000011, 'Australia', 'Little Winton', 'Norfolk Street', 15, null, 6576);
INSERT INTO RAddress VALUES (00000012, 'Australia', 'Little Winton', 'Booreea Street', 4, 'A', 6576);
INSERT INTO RAddress VALUES (00000013, 'Australia', 'Bartertown', 'Kildare Road', 24, null, 6575);
INSERT INTO RAddress VALUES (00000014, 'Australia', 'Little Winton', 'Leat Plaza', 6, null, 6576);
INSERT INTO RAddress VALUES (00000015, 'Australia', 'Little Winton', 'Blue Hills Crescent', 78, null, 6576);
INSERT INTO RAddress VALUES (00000016, 'Australia', 'Mount Thomas', 'Allawah Street', 24, null, 6574);
INSERT INTO RAddress VALUES (00000017, 'Australia', 'Mount Thomas', 'Derby Street', 76, '8', 6574);
INSERT INTO RAddress VALUES (00000018, 'Australia', 'Mount Thomas', 'Chester Street', 69, null, 6574);
INSERT INTO RAddress VALUES (00000019, 'Australia', 'Bartertown', 'Richmond Road', 48, null, 6575);

INSERT INTO Contact VALUES (00000000, 0246378990, 0495250397, 'Allison Dixon', 'allisonjdixon03@gmail.com', 'thebradbury.com');	
INSERT INTO Contact VALUES (00000001, 0246389066, 0478737128, 'Leanne Bishop', 'leannebishop306@hotmail.com', 'galinhaburger.com');
INSERT INTO Contact VALUES (00000002, 0246529176, 0483736205, 'Carol Eastman', 'caroleeastman1985&Rasheys.com', 'rashays/littleWinton.com');
INSERT INTO Contact VALUES (00000003, 0246380273, 0436593941, 'Ashley Phillips', 'ashleyrosegracephillips@hotmail.com', 'enzoscucina.com');
INSERT INTO Contact VALUES (00000004, 0246375377, 0460783638, 'Grace English', 'gracerenglish900@thetavern.com', 'thetavern.com');
INSERT INTO Contact VALUES (00000005, 0246385577, 0468336802, 'Lola Mitchel', 'lolafmitchel89@spiceoflife.com', 'thespiceoflife.com');
INSERT INTO Contact VALUES (00000006, 0246375904, 0437037569, 'Sonja Denton', 'sonjadenton@gmail.com', 'thetasteofitaliangrill.com');
INSERT INTO Contact VALUES (00000007, 0246378009, 0421823309, 'Karen Lane', 'karenlane@hungryjacksjobs.com', 'hungryjacks/bartertown');
INSERT INTO Contact VALUES (00000008, 0246523509, 0467464484, 'Wilma Strong', 'wilmastrong@redroosteradmin.com', 'redrooster/littleWinton');
INSERT INTO Contact VALUES (00000009, 0246388883, 0478733277, 'Sherri Jacobson', 'sherrijacobson@mcdonaldsjobs.com', 'mcdonals/storesMountThomas');
INSERT INTO Contact VALUES (00000010, 0246387930, 0440637888, 'Lucille Foster', 'lucillefoster@kfcadmin.com', 'KFC/stores/MountThomas');
INSERT INTO Contact VALUES (00000011, 0246527273, 0450301695, 'Robin Story', 'robintystory73@gmail.com', 'saamthairesturant,com');
INSERT INTO Contact VALUES (00000012, 0246524292, 0423849938, 'Lynne May', 'lynne4may67@gmail.com', 'fatburgernGrill.com');
INSERT INTO Contact VALUES (00000013, 0246373716, 0432090188, 'Gwen Suarez', 'gwenzuarez1979@kingkebab.com', 'kingkebab.com');
INSERT INTO Contact VALUES (00000014, 0246526448, 0468127502, 'Tricia Harvey', 'triciayharvey47@pizzahut.com', 'pizzahut/littleWinton');
INSERT INTO Contact VALUES (00000015, 0246524957, 0463992954, 'Clara Graham', 'clarasgraham100@bigpond.com', 'flowerdrumpalace.com');
INSERT INTO Contact VALUES (00000016, 0246385795, 0468213706, 'Bertha Orr', 'berthaeorr1986@hotmail.com', 'mezbanresturantbangladeshicuisine.com');
INSERT INTO Contact VALUES (00000017, 0246385795, 0419520155, 'Michele Haley', 'epicgamerguy045@mrbeatery.com', 'kalapaninepaleseresturant.com');
INSERT INTO Contact VALUES (00000018, 0246386631, 0437144122, 'Felicia Horne', 'feliciaihorne12@gmail.com', 'mrbeatery.com');
INSERT INTO Contact VALUES (00000019, 0246372630, 0446914516, 'Keri McMahon', 'kerismcMahon68@hotmail.com', 'kebabsandpizzaonqueen.com'); 

INSERT INTO OperatingHours VALUES (00000000, 'MON', 0900, 2200);
INSERT INTO OperatingHours VALUES (00000000, 'TUE', 0900, 2200);
INSERT INTO OperatingHours VALUES (00000000, 'WED', 0900, 2200);
INSERT INTO OperatingHours VALUES (00000000, 'THU', 0900, 2200);
INSERT INTO OperatingHours VALUES (00000000, 'FRI', 0900, 2330);
INSERT INTO OperatingHours VALUES (00000000, 'SAT', 0900, 2330);
INSERT INTO OperatingHours VALUES (00000000, 'SUN', 0900, 2100);

INSERT INTO OperatingHours VALUES (00000001, 'MON', 1000, 2200);
INSERT INTO OperatingHours VALUES (00000001, 'TUE', 1000, 2200);
INSERT INTO OperatingHours VALUES (00000001, 'WED', 1000, 2200);
INSERT INTO OperatingHours VALUES (00000001, 'THU', 1000, 2200);
INSERT INTO OperatingHours VALUES (00000001, 'FRI', 1000, 2300);
INSERT INTO OperatingHours VALUES (00000001, 'SAT', 1000, 2300);
INSERT INTO OperatingHours VALUES (00000001, 'SUN', 0900, 2200);

INSERT INTO OperatingHours VALUES (00000002, 'MON', 0700, 2130);
INSERT INTO OperatingHours VALUES (00000002, 'TUE', 0700, 2130);
INSERT INTO OperatingHours VALUES (00000002, 'WED', 0700, 2130);
INSERT INTO OperatingHours VALUES (00000002, 'THU', 0700, 2130);
INSERT INTO OperatingHours VALUES (00000002, 'FRI', 0700, 2359);
INSERT INTO OperatingHours VALUES (00000002, 'SAT', 0700, 2359);
INSERT INTO OperatingHours VALUES (00000002, 'SUN', 0700, 2100);

INSERT INTO OperatingHours VALUES (00000003, 'MON', 1000, 2100);
INSERT INTO OperatingHours VALUES (00000003, 'TUE', 1000, 2100);
INSERT INTO OperatingHours VALUES (00000003, 'THU', 1000, 2100);
INSERT INTO OperatingHours VALUES (00000003, 'FRI', 1000, 2200);
INSERT INTO OperatingHours VALUES (00000003, 'SAT', 1000, 2200);
INSERT INTO OperatingHours VALUES (00000003, 'SUN', 1000, 2030);

INSERT INTO OperatingHours VALUES (00000004, 'MON', 1600, 2200);
INSERT INTO OperatingHours VALUES (00000004, 'TUE', 1600, 2200);
INSERT INTO OperatingHours VALUES (00000004, 'WED', 1600, 2200);
INSERT INTO OperatingHours VALUES (00000004, 'THU', 1600, 2200);
INSERT INTO OperatingHours VALUES (00000004, 'FRI', 1000, 2300);
INSERT INTO OperatingHours VALUES (00000004, 'SAT', 1000, 2300);
INSERT INTO OperatingHours VALUES (00000004, 'SUN', 1000, 2200);

INSERT INTO OperatingHours VALUES (00000005, 'MON', 1400, 2000);
INSERT INTO OperatingHours VALUES (00000005, 'TUE', 1400, 2000);
INSERT INTO OperatingHours VALUES (00000005, 'WED', 1400, 2000);
INSERT INTO OperatingHours VALUES (00000005, 'THU', 1400, 2000);
INSERT INTO OperatingHours VALUES (00000005, 'FRI', 1400, 2100);

INSERT INTO OperatingHours VALUES (00000006, 'MON', 1000, 2100);
INSERT INTO OperatingHours VALUES (00000006, 'TUE', 1000, 2100);
INSERT INTO OperatingHours VALUES (00000006, 'WED', 1000, 2100);
INSERT INTO OperatingHours VALUES (00000006, 'THU', 1000, 2100);
INSERT INTO OperatingHours VALUES (00000006, 'FRI', 1000, 2100);
INSERT INTO OperatingHours VALUES (00000006, 'SAT', 1000, 2100);
INSERT INTO OperatingHours VALUES (00000006, 'SUN', 1000, 2100);

INSERT INTO OperatingHours VALUES (00000007, 'MON', 0900, 2200);
INSERT INTO OperatingHours VALUES (00000007, 'TUE', 0900, 2200);
INSERT INTO OperatingHours VALUES (00000007, 'WED', 0900, 2200);
INSERT INTO OperatingHours VALUES (00000007, 'THU', 0900, 2200);
INSERT INTO OperatingHours VALUES (00000007, 'FRI', 0900, 2200);
INSERT INTO OperatingHours VALUES (00000007, 'SAT', 0900, 2200);
INSERT INTO OperatingHours VALUES (00000007, 'SUN', 0900, 2200);

INSERT INTO OperatingHours VALUES (00000008, 'MON', 0900, 2200);
INSERT INTO OperatingHours VALUES (00000008, 'TUE', 0900, 2200);
INSERT INTO OperatingHours VALUES (00000008, 'WED', 0900, 2200);
INSERT INTO OperatingHours VALUES (00000008, 'THU', 0900, 2200);
INSERT INTO OperatingHours VALUES (00000008, 'FRI', 0900, 2200);
INSERT INTO OperatingHours VALUES (00000008, 'SAT', 0900, 2200);
INSERT INTO OperatingHours VALUES (00000008, 'SUN', 0900, 2200);

INSERT INTO OperatingHours VALUES (00000009, 'MON', 0000, 2300);
INSERT INTO OperatingHours VALUES (00000009, 'TUE', 0000, 2300);
INSERT INTO OperatingHours VALUES (00000009, 'WED', 0000, 2300);
INSERT INTO OperatingHours VALUES (00000009, 'THU', 0000, 2300);
INSERT INTO OperatingHours VALUES (00000009, 'FRI', 0000, 2300);
INSERT INTO OperatingHours VALUES (00000009, 'SAT', 0000, 2300);
INSERT INTO OperatingHours VALUES (00000009, 'SUN', 0000, 2300);

INSERT INTO OperatingHours VALUES (00000010, 'MON', 1000, 2359);
INSERT INTO OperatingHours VALUES (00000010, 'TUE', 1000, 2359);
INSERT INTO OperatingHours VALUES (00000010, 'WED', 1000, 2359);
INSERT INTO OperatingHours VALUES (00000010, 'THU', 1000, 2359);
INSERT INTO OperatingHours VALUES (00000010, 'FRI', 1000, 2359);
INSERT INTO OperatingHours VALUES (00000010, 'SAT', 1000, 2359);
INSERT INTO OperatingHours VALUES (00000010, 'SUN', 1000, 2359);

INSERT INTO OperatingHours VALUES (00000011, 'MON', 1400, 2130);
INSERT INTO OperatingHours VALUES (00000011, 'WED', 1400, 2130);
INSERT INTO OperatingHours VALUES (00000011, 'THU', 1400, 2130);
INSERT INTO OperatingHours VALUES (00000011, 'FRI', 1400, 2130);
INSERT INTO OperatingHours VALUES (00000011, 'SAT', 1400, 2130);
INSERT INTO OperatingHours VALUES (00000011, 'SUN', 1400, 2130);

INSERT INTO OperatingHours VALUES (00000012, 'MON', 1100, 2130);
INSERT INTO OperatingHours VALUES (00000012, 'TUE', 1100, 2130);
INSERT INTO OperatingHours VALUES (00000012, 'WED', 1100, 2130);
INSERT INTO OperatingHours VALUES (00000012, 'THU', 1100, 2130);
INSERT INTO OperatingHours VALUES (00000012, 'FRI', 1100, 2200);
INSERT INTO OperatingHours VALUES (00000012, 'SAT', 1100, 2200);
INSERT INTO OperatingHours VALUES (00000012, 'SUN', 1100, 2130);

INSERT INTO OperatingHours VALUES (00000013, 'MON', 1030, 2359);
INSERT INTO OperatingHours VALUES (00000013, 'TUE', 1030, 2359);
INSERT INTO OperatingHours VALUES (00000013, 'WED', 1030, 2359);
INSERT INTO OperatingHours VALUES (00000013, 'THU', 1030, 2359);
INSERT INTO OperatingHours VALUES (00000013, 'FRI', 1030, 2359);
INSERT INTO OperatingHours VALUES (00000013, 'SAT', 1030, 2359);
INSERT INTO OperatingHours VALUES (00000013, 'SUN', 1030, 2359);

INSERT INTO OperatingHours VALUES (00000014, 'MON', 0300, 2300);
INSERT INTO OperatingHours VALUES (00000014, 'TUE', 0300, 2300);
INSERT INTO OperatingHours VALUES (00000014, 'WED', 0300, 2300);
INSERT INTO OperatingHours VALUES (00000014, 'THU', 0300, 2359);
INSERT INTO OperatingHours VALUES (00000014, 'FRI', 0300, 2359);
INSERT INTO OperatingHours VALUES (00000014, 'SAT', 0300, 2359);
INSERT INTO OperatingHours VALUES (00000014, 'SUN', 0300, 2230);

INSERT INTO OperatingHours VALUES (00000015, 'MON', 1600, 2000);
INSERT INTO OperatingHours VALUES (00000015, 'TUE', 1600, 2000);
INSERT INTO OperatingHours VALUES (00000015, 'WED', 1600, 2000);
INSERT INTO OperatingHours VALUES (00000015, 'THU', 1600, 2000);
INSERT INTO OperatingHours VALUES (00000015, 'FRI', 1600, 2200);

INSERT INTO OperatingHours VALUES (00000016, 'MON', 1230, 2030);
INSERT INTO OperatingHours VALUES (00000016, 'TUE', 1230, 2030);
INSERT INTO OperatingHours VALUES (00000016, 'WED', 1230, 2030);
INSERT INTO OperatingHours VALUES (00000016, 'THU', 1230, 2030);
INSERT INTO OperatingHours VALUES (00000016, 'FRI', 1230, 2100);
INSERT INTO OperatingHours VALUES (00000016, 'SAT', 1030, 2100);
INSERT INTO OperatingHours VALUES (00000016, 'SUN', 1030, 2000);

INSERT INTO OperatingHours VALUES (00000017, 'MON', 1130, 2030);
INSERT INTO OperatingHours VALUES (00000017, 'TUE', 1130, 2030);
INSERT INTO OperatingHours VALUES (00000017, 'WED', 1130, 2030);
INSERT INTO OperatingHours VALUES (00000017, 'THU', 1130, 2030);
INSERT INTO OperatingHours VALUES (00000017, 'FRI', 1130, 2130);

INSERT INTO OperatingHours VALUES (00000018, 'MON', 1000, 2300);
INSERT INTO OperatingHours VALUES (00000018, 'TUE', 1000, 2300);
INSERT INTO OperatingHours VALUES (00000018, 'WED', 1000, 2300);
INSERT INTO OperatingHours VALUES (00000018, 'THU', 1000, 2300);
INSERT INTO OperatingHours VALUES (00000018, 'FRI', 1000, 2300);
INSERT INTO OperatingHours VALUES (00000018, 'SAT', 0900, 2300);
INSERT INTO OperatingHours VALUES (00000018, 'SUN', 0900, 2300);

INSERT INTO OperatingHours VALUES (00000019, 'MON', 1430, 2359);
INSERT INTO OperatingHours VALUES (00000019, 'TUE', 1430, 2359);
INSERT INTO OperatingHours VALUES (00000019, 'WED', 1430, 2359);
INSERT INTO OperatingHours VALUES (00000019, 'THU', 1430, 2359);
INSERT INTO OperatingHours VALUES (00000019, 'FRI', 1430, 2359);
INSERT INTO OperatingHours VALUES (00000019, 'SAT', 1430, 2359);
INSERT INTO OperatingHours VALUES (00000019, 'SUN', 1430, 2359);

INSERT INTO ResturantKeyword VALUES(00000000, 'drinks');
INSERT INTO ResturantKeyword VALUES(00000000, 'pub');
INSERT INTO ResturantKeyword VALUES(00000000, 'family owned');
INSERT INTO ResturantKeyword VALUES(00000000, 'vintage');
INSERT INTO ResturantKeyword VALUES(00000000, 'qualiity');
INSERT INTO ResturantKeyword VALUES(00000001, 'portuguese');
INSERT INTO ResturantKeyword VALUES(00000001, 'beef');
INSERT INTO ResturantKeyword VALUES(00000001, 'cheap');
INSERT INTO ResturantKeyword VALUES(00000001, 'burgers');
INSERT INTO ResturantKeyword VALUES(00000001, 'vegan');
INSERT INTO ResturantKeyword VALUES(00000002, 'breakfast');
INSERT INTO ResturantKeyword VALUES(00000002, 'variety');
INSERT INTO ResturantKeyword VALUES(00000002, 'local');
INSERT INTO ResturantKeyword VALUES(00000002, 'quality');
INSERT INTO ResturantKeyword VALUES(00000002, 'new');
INSERT INTO ResturantKeyword VALUES(00000003, 'italian');
INSERT INTO ResturantKeyword VALUES(00000003, 'culture');
INSERT INTO ResturantKeyword VALUES(00000003, 'carbs');
INSERT INTO ResturantKeyword VALUES(00000003, 'professional');
INSERT INTO ResturantKeyword VALUES(00000003, 'family owned');
INSERT INTO ResturantKeyword VALUES(00000004, 'pub');
INSERT INTO ResturantKeyword VALUES(00000004, 'drinks');
INSERT INTO ResturantKeyword VALUES(00000004, 'alcohol');
INSERT INTO ResturantKeyword VALUES(00000004, 'cheap');
INSERT INTO ResturantKeyword VALUES(00000004, 'new');
INSERT INTO ResturantKeyword VALUES(00000005, 'tasty');
INSERT INTO ResturantKeyword VALUES(00000005, 'indian');
INSERT INTO ResturantKeyword VALUES(00000005, 'culture');
INSERT INTO ResturantKeyword VALUES(00000005, 'local');
INSERT INTO ResturantKeyword VALUES(00000005, 'family owned');
INSERT INTO ResturantKeyword VALUES(00000006, 'italian');
INSERT INTO ResturantKeyword VALUES(00000006, 'pizza');
INSERT INTO ResturantKeyword VALUES(00000006, 'speed');
INSERT INTO ResturantKeyword VALUES(00000006, 'vintage');
INSERT INTO ResturantKeyword VALUES(00000006, 'quality');
INSERT INTO ResturantKeyword VALUES(00000007, 'fast-food');
INSERT INTO ResturantKeyword VALUES(00000007, 'kids');
INSERT INTO ResturantKeyword VALUES(00000007, 'cheap');
INSERT INTO ResturantKeyword VALUES(00000007, 'australian');
INSERT INTO ResturantKeyword VALUES(00000007, 'burgers');
INSERT INTO ResturantKeyword VALUES(00000008, 'cheap');
INSERT INTO ResturantKeyword VALUES(00000008, 'fast-food');
INSERT INTO ResturantKeyword VALUES(00000008, 'chicken');
INSERT INTO ResturantKeyword VALUES(00000008, 'variety');
INSERT INTO ResturantKeyword VALUES(00000008, 'kids');
INSERT INTO ResturantKeyword VALUES(00000009, 'fast-food');
INSERT INTO ResturantKeyword VALUES(00000009, 'cheap');
INSERT INTO ResturantKeyword VALUES(00000009, 'variety');
INSERT INTO ResturantKeyword VALUES(00000009, 'kids');
INSERT INTO ResturantKeyword VALUES(00000009, 'speed');
INSERT INTO ResturantKeyword VALUES(00000010, 'fast-food');
INSERT INTO ResturantKeyword VALUES(00000010, 'kids');
INSERT INTO ResturantKeyword VALUES(00000010, 'chicken');
INSERT INTO ResturantKeyword VALUES(00000010, 'cheap');
INSERT INTO ResturantKeyword VALUES(00000010, 'variety');
INSERT INTO ResturantKeyword VALUES(00000011, 'thai');
INSERT INTO ResturantKeyword VALUES(00000011, 'quality');
INSERT INTO ResturantKeyword VALUES(00000011, 'culture');
INSERT INTO ResturantKeyword VALUES(00000011, 'tasty');
INSERT INTO ResturantKeyword VALUES(00000011, 'new');
INSERT INTO ResturantKeyword VALUES(00000012, 'burgers');
INSERT INTO ResturantKeyword VALUES(00000012, 'tasty');
INSERT INTO ResturantKeyword VALUES(00000012, 'beef');
INSERT INTO ResturantKeyword VALUES(00000012, 'professional');
INSERT INTO ResturantKeyword VALUES(00000012, 'local');
INSERT INTO ResturantKeyword VALUES(00000013, 'kebabs');
INSERT INTO ResturantKeyword VALUES(00000013, 'turkish');
INSERT INTO ResturantKeyword VALUES(00000013, 'culture');
INSERT INTO ResturantKeyword VALUES(00000013, 'local');
INSERT INTO ResturantKeyword VALUES(00000013, 'fast');
INSERT INTO ResturantKeyword VALUES(00000014, 'pizzas');
INSERT INTO ResturantKeyword VALUES(00000014, 'fast');
INSERT INTO ResturantKeyword VALUES(00000014, 'speed');
INSERT INTO ResturantKeyword VALUES(00000014, 'cheap');
INSERT INTO ResturantKeyword VALUES(00000014, 'local');
INSERT INTO ResturantKeyword VALUES(00000015, 'family owned');
INSERT INTO ResturantKeyword VALUES(00000015, 'quality');
INSERT INTO ResturantKeyword VALUES(00000015, 'healthy');
INSERT INTO ResturantKeyword VALUES(00000015, 'chinease');
INSERT INTO ResturantKeyword VALUES(00000015, 'culture');
INSERT INTO ResturantKeyword VALUES(00000016, 'bangladeshi');
INSERT INTO ResturantKeyword VALUES(00000016, 'spice');
INSERT INTO ResturantKeyword VALUES(00000016, 'tasty');
INSERT INTO ResturantKeyword VALUES(00000016, 'local');
INSERT INTO ResturantKeyword VALUES(00000016, 'culture');
INSERT INTO ResturantKeyword VALUES(00000017, 'nepalese');
INSERT INTO ResturantKeyword VALUES(00000017, 'culture');
INSERT INTO ResturantKeyword VALUES(00000017, 'spice');
INSERT INTO ResturantKeyword VALUES(00000017, 'quality');
INSERT INTO ResturantKeyword VALUES(00000017, 'vintage');
INSERT INTO ResturantKeyword VALUES(00000018, 'japanese')
INSERT INTO ResturantKeyword VALUES(00000018, 'Cultue');
INSERT INTO ResturantKeyword VALUES(00000018, 'honourable');
INSERT INTO ResturantKeyword VALUES(00000018, 'variety');
INSERT INTO ResturantKeyword VALUES(00000018, 'sushi');
INSERT INTO ResturantKeyword VALUES(00000019, 'kebabs');
INSERT INTO ResturantKeyword VALUES(00000019, 'culture');
INSERT INTO ResturantKeyword VALUES(00000019, 'fast');
INSERT INTO ResturantKeyword VALUES(00000019, 'family owned');
INSERT INTO ResturantKeyword VALUES(00000019, 'pizzas');

--customers

INSERT INTO Customer VALUES(00000000, 'Bridget', 'Murray', 0263794582, 'bridgetnmurray@gmail.com');
INSERT INTO Customer VALUES(00000001, 'Rob', 'Simmons', 0263886566, 'robssimmons@bigpond.com');
INSERT INTO Customer VALUES(00000002, 'Margaret', 'Marquez', 0263886566, 'margaretvmarquez@gmail.com');
INSERT INTO Customer VALUES(00000003, 'Lydia', 'Werner', 0477929124, 'lydiakwerner@hotmail.com');
INSERT INTO Customer VALUES(00000004, 'Rochelle', 'Winter', 0263886566, 'rochellefwinter@gmail.com');
INSERT INTO Customer VALUES(00000005, 'Rebbecca', 'Mueller', 0430027980, 'rebbeccarmueller@bigpond.com');
INSERT INTO Customer VALUES(00000006, 'Nora', 'Dickerson', 0464194281, 'noraqdickerson@gmail.com');
INSERT INTO Customer VALUES(00000007, 'Joy', 'Fry', 0435748503, 'joykfry@hotmail.com');
INSERT INTO Customer VALUES(00000008, 'Pedro', 'Kirby', 0412618219, 'pedrotkirby@yahoo.com');
INSERT INTO Customer VALUES(00000009, 'Micheal', 'Miller', 0265286566, 'michealjmiller@yahoo.com');
INSERT INTO Customer VALUES(00000010, 'Lorena', 'Barnett', 0265286566, 'lorenapbarnett@gmail.com');
INSERT INTO Customer VALUES(00000011, 'Kris', 'Sargent', 0464967476, 'krisysargent@gmai.com');
INSERT INTO Customer VALUES(00000012, 'Jordan', 'Ellison', 0443567371, 'jordanhellison@hotmail.com');
INSERT INTO Customer VALUES(00000013, 'Marina', 'Washburn', 0466013735, 'marinabwashburn@uowmail.edu.au');
INSERT INTO Customer VALUES(00000014, 'Allison', 'Albright', 0263886566, 'allisonzalbright@bigpond.com');
INSERT INTO Customer VALUES(00000015, 'Miriam', 'Higgins', 0263886566, 'miriamrhiggins@hotmail.com');
INSERT INTO Customer VALUES(00000016, 'Simon', 'Marks', 0497062746, 'simonbmarks@bigpond.com');
INSERT INTO Customer VALUES(00000017, 'Wesley', 'Emerson', 0481988770, 'wesleyremerson@zoho.com');
INSERT INTO Customer VALUES(00000018, 'Della', 'Glover', 0401310339, 'dellatglover@gmail.com');
INSERT INTO Customer VALUES(00000019, 'Darin', 'Stevenson', 0415563846, 'darinlstevenson@zoho.com');

INSERT INTO CustomerAccountDetails VALUES(00000000, 'cb45646349d3e2638a5436900f4fba23dc282276ebcfc2e16b5c7579385530f3', '3557110889274958', '186cefd367594e9a'); -- abc123
INSERT INTO CustomerAccountDetails VALUES(00000001, '4f89f77ee52f8378e8be91cecce6b7674ba8c60c9f8cb014c9380c59f39a30ab', '3223914172173727', 'b4c6dfaaf32b9b82'); -- password
INSERT INTO CustomerAccountDetails VALUES(00000002, '674094f11082e017900a129cea4271f78b2858d41bd8c15212b251be9da450eb', '9032385534132679', '771114fa5e7616f9'); -- pass321
INSERT INTO CustomerAccountDetails VALUES(00000003, '43780b45a12c891db5b71217c39b82d215211b018bbd73adcdb98c730dc94cdb', '3689018155333067', '74446229ef88f884'); -- 1234567890
INSERT INTO CustomerAccountDetails VALUES(00000004, '8cdad669f159c58623c3e169dfe825549db40e6f67cf170109dd0be502b80028', '0856933614185932', '7f512718bae91883'); -- bruh
INSERT INTO CustomerAccountDetails VALUES(00000005, 'f4119c43e1e2f76f2f4a4df3181c0d49729b03fe3e8e6ec8feb6cc5f8c1b5494', '6240024274063948', '42d6bd0dd9f13241'); -- admin
INSERT INTO CustomerAccountDetails VALUES(00000006, 'dcc055e2167107d3c28cde4c8e3a5ba699b2f8baf69a3aeea22df18c6adf8b19', '6515381669066335', '95cc65b9f1ae3b2a'); -- 111111
INSERT INTO CustomerAccountDetails VALUES(00000007, 'fdaab9f5edcbd4362871926edc0b6e50a67f5bd38f15277258f3989ce3a4eb4e', '9668347239024116', '0b9c8baf0209c17f'); -- adamsaraseb
INSERT INTO CustomerAccountDetails VALUES(00000008, '6663b7f2da6fd56d835e3675e0f1a235d213ba027ef8ba3a9cc22ea505a20044', '9951759180559248', '65dd00b4e62dc645'); -- ASDFGHJKL;'
INSERT INTO CustomerAccountDetails VALUES(00000009, '78699c3a73ae2f879574bb4fc195d6b05e282079028dc76c28ec485ce33322d8', '9500269018341343', '8744bb607903635d'); -- ilikecows
INSERT INTO CustomerAccountDetails VALUES(00000010, '2e431d224a91eee3882fb8189bec939e826ec2635b84acc535a2ad60f3cf6015', '6145435916418246', '28c47b069376bfc1'); -- 19861017
INSERT INTO CustomerAccountDetails VALUES(00000011, 'd5e63010c3577720b5617c7a2d0b7c93cbe90b9b35076c1aa524426c12289c7d', '8823945755823500', '4a57be80efaf77fe'); -- kris74sergent
INSERT INTO CustomerAccountDetails VALUES(00000012, '8b7693ad3fa449433a66f69c4ec3be8c3d719792d5e3d22a65592b9270bbb5b0', '4191511813195675', '0a075bab878f15c9'); -- taylorswift
INSERT INTO CustomerAccountDetails VALUES(00000013, 'c00aed45e45f95abdc451f76f7eb597d578f249392be879d94e7d09f71da819c', '4064722226233314', 'ff25171a789cddd2'); -- jqueryisshit
INSERT INTO CustomerAccountDetails VALUES(00000014, 'a6e9c6efece442d2f5f6c18a83890d2b5f91de16970296a30ed48842f59c24a6', '5808087534992062', '1d1218f883039b95'); -- sqlisthebest
INSERT INTO CustomerAccountDetails VALUES(00000015, '74682f3d346c6b1231949f4a37055e0d81a6596a8922a7785db16efa2db4a9fe', '0803300255172135', 'f91b05cd076ac42e'); -- 1qaz
INSERT INTO CustomerAccountDetails VALUES(00000016, 'b18644874d928a6d0362d34aae69f938e6ed948db66c8c8d89b05a654fd70d8e', '3747556419592876', '35ccfeb94d1e106f'); -- markbsimon
INSERT INTO CustomerAccountDetails VALUES(00000017, 'ee742de03b3170ea3f161f621c85ba6398d7b77abc3fb6541454ea69869c0441', '1901477439984866', '309fbbf768d2a48c'); -- wesEmerson1983
INSERT INTO CustomerAccountDetails VALUES(00000018, 'e9cba593980fd96424739b2057e03b900faf8bb80b03a7c574c312802da12c5e', '0482428848636110', '85c726d04ce23416'); -- de11@
INSERT INTO CustomerAccountDetails VALUES(00000019, 'c00b4e63c3227b97606583ddbcb44eff8d98d6d9c164ccbd752ae1c5f3cd2c6f', '5961461486488893', 'fc6da6aa6ec03c16'); -- darlinStevenson

INSERT INTO CAddress VALUES(00000000, 'Australia', 'Bartertown', 'Purser Avenue', 18, null, 6575);
INSERT INTO CAddress VALUES(00000001, 'Australia', 'Mount thomas', 'Kildare Road', 19, null, 6574);
INSERT INTO CAddress VALUES(00000002, 'Australia', 'Mount thomas', 'Parsonage Road', 27, null, 6574);
INSERT INTO CAddress VALUES(00000003, 'Australia', 'bartertown', 'Marie Street', 16, null, 6575);
INSERT INTO CAddress VALUES(00000004, 'Australia', 'Mount thomas', 'Kerrs Road', 21, null, 6574);
INSERT INTO CAddress VALUES(00000005, 'Australia', 'Little Winton', 'Freeman Avenue', 37, 'A', 6576);
INSERT INTO CAddress VALUES(00000006, 'Australia', 'Mount thomas', 'Kildare Road', 9, null, 6574);
INSERT INTO CAddress VALUES(00000007, 'Australia', 'bartertown', 'Brisbane Street', 7, '4', 6575);
INSERT INTO CAddress VALUES(00000008, 'Australia', 'Mount thomas', 'Richmond Road', 47, null, 6574);
INSERT INTO CAddress VALUES(00000009, 'Australia', 'Little Winton', 'Balmoral Street', 19, null, 6576);
INSERT INTO CAddress VALUES(00000010, 'Australia', 'Little Winton', 'Marie Street', 4, null, 6576);
INSERT INTO CAddress VALUES(00000011, 'Australia', 'Mount thomas', 'Canberra Street', 75, null, 6574);
INSERT INTO CAddress VALUES(00000012, 'Australia', 'bartertown', 'King Street', 10, null, 6575);
INSERT INTO CAddress VALUES(00000013, 'Australia', 'Little Winton', 'King Street', 47, null, 6576);
INSERT INTO CAddress VALUES(00000014, 'Australia', 'Mount thomas', 'Allawah Street', 29, null, 6574);
INSERT INTO CAddress VALUES(00000015, 'Australia', 'Mount thomas', 'Marie Street', 25, null, 6574);
INSERT INTO CAddress VALUES(00000016, 'Australia', 'Little Winton', 'Morris Road', 26, null, 6576);
INSERT INTO CAddress VALUES(00000017, 'Australia', 'Mount thomas', 'Leat Plaza', 15, 'E', 6574);
INSERT INTO CAddress VALUES(00000018, 'Australia', 'bartertown', 'Carpenter Street', 67, null, 6575);
INSERT INTO CAddress VALUES(00000019, 'Australia', 'bartertown', 'Kildare Road', 29, '2', 6575);

INSERT INTO Membership VALUES(00000000, 'gold', 'annually', '2023-12-21', '2024-12-21');
INSERT INTO Membership VALUES(00000001, 'silver', 'annually', '2023-05-07', '2024-05-07');
INSERT INTO Membership VALUES(00000002, 'silver', 'monthly', '2024-03-05', '2024-04-05');
INSERT INTO Membership VALUES(00000003, 'platinum', 'annually', '2024-02-03', '2025-02-03');
INSERT INTO Membership VALUES(00000004, 'gold', 'annually', '2023-06-15', '2024-06-15');
INSERT INTO Membership VALUES(00000005, 'gold', 'annually', '2023-03-19', '2024-03-19');
INSERT INTO Membership VALUES(00000006, 'gold', 'monthly', '2024-03-18', '2024-04-18');
INSERT INTO Membership VALUES(00000007, 'platinum', 'annually', '2023-03-03', '2024-03-03');
INSERT INTO Membership VALUES(00000008, 'platinum', 'annually', '2023-06-07', '2024-06-07');
INSERT INTO Membership VALUES(00000009, 'gold', 'annually', '2023-11-19', '2024-11-19');
INSERT INTO Membership VALUES(00000010, 'silver', 'annually', '2023-09-16', '2024-09-16');
INSERT INTO Membership VALUES(00000011, 'platinum', 'monthly', '2024-02-05', '2024-03-05');
INSERT INTO Membership VALUES(00000012, 'gold', 'monthly', '2024-03-21', '2024-04-21');
INSERT INTO Membership VALUES(00000013, 'silver', 'annually', '2023-06-13', '2024-06-13');
INSERT INTO Membership VALUES(00000014, 'silver', 'monthly', '2024-02-04', '2024-03-04');
INSERT INTO Membership VALUES(00000015, 'platinum', 'annually', '2023-08-09', '2024-08-09');
INSERT INTO Membership VALUES(00000016, 'gold', 'annually', '2023-09-16', '2024-09-16');
INSERT INTO Membership VALUES(00000017, 'silver', 'monthly', '2024-02-28', '2024-03-28');
INSERT INTO Membership VALUES(00000018, 'gold', 'monthly', '2024-03-03', '2024-04-03');
INSERT INTO Membership VALUES(00000019, 'silver', 'annually', '2024-01-06', '2025-01-06');